number,value
1,0.3829654554562488
2,0.1898559540292454
3,0.12877532507266057
4,0.1220699533284993
5,0.06080559121068979
6,0.057407608263830394
7,0.038092682314736254
8,0.02002743032408939
